{
	"model": {
	  "type": "range_dispatch",
	  "property": "custom_model_data",
	  "fallback": { "type": "model", "model": "minecraft:item/ghast_tear" },
	  "entries": [
		{ "threshold": 1001, "model": { "type": "model", "model": "item/lootbox1" } },
		{ "threshold": 1002, "model": { "type": "model", "model": "item/lootbox2" } },
		{ "threshold": 1003, "model": { "type": "model", "model": "item/lootbox3" } },
		{ "threshold": 1004, "model": { "type": "model", "model": "item/lootbox4" } },
		{ "threshold": 1005, "model": { "type": "model", "model": "item/lootbox5" } },
		{ "threshold": 1006, "model": { "type": "model", "model": "item/lootbox6" } }
	  ]
	}
  }